"NVIDIA","GeForce 8400GS",,,"600",,,,,,"http://www.maximumpc.com/forums/viewtopic.php?t=83681",
"NVIDIA","GeForce 8500GT",,,"700",,,,,,"http://www.maximumpc.com/forums/viewtopic.php?t=83681",
"NVIDIA","GeForce 8600GT",,,"1330",,,,,,"http://www.maximumpc.com/forums/viewtopic.php?t=83681",
"NVIDIA","GeForce 8600GTS",,,"2050",,,,,,"http://www.maximumpc.com/forums/viewtopic.php?t=83681",
"NVIDIA","GeForce 8800 Ultra",,,"4900",,,,,,"http://www.maximumpc.com/forums/viewtopic.php?t=83681",
"NVIDIA","GeForce 8800GS",,,"4800",,,,,,"http://www.maximumpc.com/forums/viewtopic.php?t=83681",
"NVIDIA","GeForce 8800GT",,,"5100",,,,,,"http://www.maximumpc.com/forums/viewtopic.php?t=83681",
"NVIDIA","GeForce 8800GT",,,"5000",,"600",,,,"http://www.bjorn3d.com/forum/showthread.php/36657-GPU-PPD-a-reference-list",
"NVIDIA","GeForce 8800GTS",,,"5700",,,,,,"http://www.maximumpc.com/forums/viewtopic.php?t=83681",
"NVIDIA","GeForce 8800GTS",,,"3900",,,,,,"http://www.maximumpc.com/forums/viewtopic.php?t=83681",
"NVIDIA","GeForce 8800GTS","8014","3:04","2019",,,"285.62",,"2.27","Folding Forum User: rhaven",
"NVIDIA","GeForce 9600GT",,,"3900",,,,,,"http://www.maximumpc.com/forums/viewtopic.php?t=83681",
"NVIDIA","GeForce 9800GTX",,,"6000",,,,,,"http://www.maximumpc.com/forums/viewtopic.php?t=83681",
"NVIDIA","GeForce 9800GX2",,,"5500",,,,,,"http://www.maximumpc.com/forums/viewtopic.php?t=83681",
"NVIDIA","GeForce 9800GX2","8004","2:06","2591",,,"285.58",,,"Folding Forum User: rhaven",
"NVIDIA","GeForce 9800GX2","8014","2:10","3399",,,"285.58",,,"Folding Forum User: rhaven",
"NVIDIA","GeForce 9800GX2","8050","14:47","1827",,,"285.58",,,"Folding Forum User: rhaven",
"NVIDIA","GeForce GTX 250","5767","0:46","6630",,,,,,"https://sites.google.com/site/gpuppd/home",
"NVIDIA","GeForce GTS 250","5769","0:48","6354","yes","765","304.64","0x11","1.31","http://foldingforum.org/viewtopic.php?f=14&t=22281&p=237147#p237147","February 18, 2013"
"NVIDIA","GeForce GTX 250","10504","1:42","4972",,,,,,"https://sites.google.com/site/gpuppd/home",
"NVIDIA","GeForce GTX 260",,,"5500",,,,,,"http://www.maximumpc.com/forums/viewtopic.php?t=83681",
"NVIDIA","GeForce GTX 260","5765","0:42","7262","no","576","304.64","0x11","1.31","http://foldingforum.org/viewtopic.php?f=14&t=22281&p=237147#p237147","February 18, 2013"
"NVIDIA","GeForce GTX 260","5771","0:33","9242",,,,,,"https://sites.google.com/site/gpuppd/home",
"NVIDIA","GeForce GTX 260","5782","1:13","9267",,,,,,"https://sites.google.com/site/gpuppd/home",
"NVIDIA","GeForce GTX 260","6601",,"8272",,,,,,"https://sites.google.com/site/gpuppd/home",
"NVIDIA","GeForce GTX 260","10501","0:54","9392",,,,,,"https://sites.google.com/site/gpuppd/home",
"NVIDIA","GeForce GTX 260","10501","1:04","7925","yes","625","304.64","0x11","1.31","http://foldingforum.org/viewtopic.php?f=14&t=22281&p=237061#p237061","February 16, 2013"
"NVIDIA","GeForce GTX 260","10512",,"8500",,,,,,"https://sites.google.com/site/gpuppd/home",
"NVIDIA","GeForce GTX 260","10512",,"8314",,,,,,"https://sites.google.com/site/gpuppd/home",
"NVIDIA","GeForce GTX 275","5765","0:36","8472",,,,,,"https://sites.google.com/site/gpuppd/home",
"NVIDIA","GeForce GTX 275","5766","0:35","8714",,,,,,"https://sites.google.com/site/gpuppd/home",
"NVIDIA","GeForce GTX 275","10502","0:55","9221","yes","709","275.43","0x11","1.31","http://foldingforum.org/viewtopic.php?f=14&t=22281&p=236760#p236760","February 12, 2013"
"NVIDIA","GeForce GTX 275","10502","0:58","8744","yes","648","304.64","0x11","1.31","http://foldingforum.org/viewtopic.php?f=14&t=22281&p=237061#p237061","February 16, 2013"
"NVIDIA","GeForce GTX 275","10503","1:00","8452","no","633","304.64","0x11","1.31","http://foldingforum.org/viewtopic.php?f=14&t=22281&p=237061#p237061","February 16, 2013"
"NVIDIA","GeForce GTX 275","10503","0:44","11526","yes","709","304.64","0x11","1.31","http://foldingforum.org/viewtopic.php?f=14&t=22281&p=237061#p237061","February 16, 2013"
"NVIDIA","GeForce GTX 280",,,"7500",,,,,,"http://www.maximumpc.com/forums/viewtopic.php?t=83681",
"NVIDIA","GeForce GTX 280","5770","0:35","8714",,"675","190.38",,,"https://spreadsheets.google.com/spreadsheet/pub?key=0Aq1pPHU__6kmclB4QkFQNEVJaEZmQUR6d2lkcGIyTGc&gid=0",
"NVIDIA","GeForce GTX 280","5765","0:34","8970",,"510","190.38",,,"https://spreadsheets.google.com/spreadsheet/pub?key=0Aq1pPHU__6kmclB4QkFQNEVJaEZmQUR6d2lkcGIyTGc&gid=0",
"NVIDIA","GeForce GTX 280","5767","0:33","9242",,"719","190.38",,,"https://spreadsheets.google.com/spreadsheet/pub?key=0Aq1pPHU__6kmclB4QkFQNEVJaEZmQUR6d2lkcGIyTGc&gid=0",
"NVIDIA","GeForce GTX 280","5767","0:34","8970",,"719","190.38",,,"https://spreadsheets.google.com/spreadsheet/pub?key=0Aq1pPHU__6kmclB4QkFQNEVJaEZmQUR6d2lkcGIyTGc&gid=0",
"NVIDIA","GeForce GTX 280","5767","0:43","7092",,"660","185.85",,,"https://spreadsheets.google.com/spreadsheet/pub?key=0Aq1pPHU__6kmclB4QkFQNEVJaEZmQUR6d2lkcGIyTGc&gid=0",
"NVIDIA","GeForce GTX 280","5913",,"7315",,"510","182.08",,,"https://spreadsheets.google.com/spreadsheet/pub?key=0Aq1pPHU__6kmclB4QkFQNEVJaEZmQUR6d2lkcGIyTGc&gid=0",
"NVIDIA","GeForce GTX 280","5915",,"8115",,"510","190.38",,,"https://spreadsheets.google.com/spreadsheet/pub?key=0Aq1pPHU__6kmclB4QkFQNEVJaEZmQUR6d2lkcGIyTGc&gid=0",
"NVIDIA","GeForce GTX 280","5915",,"7880",,"510","190.38",,,"https://spreadsheets.google.com/spreadsheet/pub?key=0Aq1pPHU__6kmclB4QkFQNEVJaEZmQUR6d2lkcGIyTGc&gid=0",
"NVIDIA","GeForce GTX 285","5766","0:34","8970",,"666","195.62",,,"https://spreadsheets.google.com/spreadsheet/pub?key=0Aq1pPHU__6kmclB4QkFQNEVJaEZmQUR6d2lkcGIyTGc&gid=0",
"NVIDIA","GeForce GTX 285","5768","0:34","8970",,"702","186.08",,,"https://spreadsheets.google.com/spreadsheet/pub?key=0Aq1pPHU__6kmclB4QkFQNEVJaEZmQUR6d2lkcGIyTGc&gid=0",
"NVIDIA","GeForce GTX 285","5768","0:36","8472","yes","680","256.35","0x11","1.31","http://foldingforum.org/viewtopic.php?f=14&t=22281&p=236353#p236353","February 7, 2013"
"NVIDIA","GeForce GTX 285","5770","0:36","8472","no","648","256.35","0x11","1.31","http://foldingforum.org/viewtopic.php?f=14&t=22281&p=236353#p236353","February 7, 2013"
"NVIDIA","GeForce GTX 285","5791",,"9066",,"666","195.62",,,"https://spreadsheets.google.com/spreadsheet/pub?key=0Aq1pPHU__6kmclB4QkFQNEVJaEZmQUR6d2lkcGIyTGc&gid=0",
"NVIDIA","GeForce GTX 285","5798",,"10256",,"720","190.62",,,"https://spreadsheets.google.com/spreadsheet/pub?key=0Aq1pPHU__6kmclB4QkFQNEVJaEZmQUR6d2lkcGIyTGc&gid=0",
"NVIDIA","GeForce GTX 285","5908",,"8723",,"702","186.08",,,"https://spreadsheets.google.com/spreadsheet/pub?key=0Aq1pPHU__6kmclB4QkFQNEVJaEZmQUR6d2lkcGIyTGc&gid=0",
"NVIDIA","GeForce GTX 285","6602",,"4008",,"648","197.45",,,"https://spreadsheets.google.com/spreadsheet/pub?key=0Aq1pPHU__6kmclB4QkFQNEVJaEZmQUR6d2lkcGIyTGc&gid=0",
"NVIDIA","GeForce GTX 285","10101",,"8025",,"700","195.62",,,"https://spreadsheets.google.com/spreadsheet/pub?key=0Aq1pPHU__6kmclB4QkFQNEVJaEZmQUR6d2lkcGIyTGc&gid=0",
"NVIDIA","GeForce GTX 285","10501","0:57","8897","no","648","275.43","0x11","1.31","http://foldingforum.org/viewtopic.php?f=14&t=22281&p=236760#p236760","February 12, 2013"
"NVIDIA","GeForce GTX 285","10502","0:57","8897","yes","680","304.64","0x11","1.31","http://foldingforum.org/viewtopic.php?f=14&t=22281&p=237061#p237061","February 16, 2013"
"NVIDIA","GeForce GTX 285","10504","0:57","8897","no","648","304.64","0x11","1.31","http://foldingforum.org/viewtopic.php?f=14&t=22281&p=237061#p237061","February 16, 2013"
"NVIDIA","GeForce GTX 295","5770","0:34","8970",,"576","191.07",,,"https://spreadsheets.google.com/spreadsheet/pub?key=0Aq1pPHU__6kmclB4QkFQNEVJaEZmQUR6d2lkcGIyTGc&gid=0",
"NVIDIA","GeForce GTX 295","5770","0:34","8970",,"576","190.68",,,"https://spreadsheets.google.com/spreadsheet/pub?key=0Aq1pPHU__6kmclB4QkFQNEVJaEZmQUR6d2lkcGIyTGc&gid=0",
"NVIDIA","GeForce GTX 295","5754",,"6689",,"550","190.38",,,"https://spreadsheets.google.com/spreadsheet/pub?key=0Aq1pPHU__6kmclB4QkFQNEVJaEZmQUR6d2lkcGIyTGc&gid=0",
"NVIDIA","GeForce GTX 295","5768","0:41","7438",,"594","191.07",,,"https://spreadsheets.google.com/spreadsheet/pub?key=0Aq1pPHU__6kmclB4QkFQNEVJaEZmQUR6d2lkcGIyTGc&gid=0",
"NVIDIA","GeForce GTX 295","5772","0:36","8472",,"684","185.85",,,"https://spreadsheets.google.com/spreadsheet/pub?key=0Aq1pPHU__6kmclB4QkFQNEVJaEZmQUR6d2lkcGIyTGc&gid=0",
"NVIDIA","GeForce GTX 295","5912",,"13926",,"594","191.07",,,"https://spreadsheets.google.com/spreadsheet/pub?key=0Aq1pPHU__6kmclB4QkFQNEVJaEZmQUR6d2lkcGIyTGc&gid=0",
"NVIDIA","GeForce GTX 295","5912",,"7919",,"576","191.07",,,"https://spreadsheets.google.com/spreadsheet/pub?key=0Aq1pPHU__6kmclB4QkFQNEVJaEZmQUR6d2lkcGIyTGc&gid=0",
"NVIDIA","GeForce GTX 295","5913",,"13926",,"594","191.07",,,"https://spreadsheets.google.com/spreadsheet/pub?key=0Aq1pPHU__6kmclB4QkFQNEVJaEZmQUR6d2lkcGIyTGc&gid=0",
"NVIDIA","GeForce GTS 450","7623","13:16","15296",,"1000",,,,"https://docs.google.com/spreadsheet/ccc?key=0AvRwjXh_dbXbdGtDUDBnd2JFM3VIb0tHSmhlamJPWHc#gid=0",
"NVIDIA","GeForce GTS 450","8005",,"10000","yes","900",,,,"http://www.maximumpc.com/forums/viewtopic.php?p=1214269&sid=a189c7c74fab98e9a5fef7a5da53ac3d#p1214269",
"NVIDIA","GeForce GTS 450","8005",,"11000","yes","920",,,,"http://www.maximumpc.com/forums/viewtopic.php?p=1214269&sid=a189c7c74fab98e9a5fef7a5da53ac3d#p1214269",
"NVIDIA","GeForce GTS 450","10932",,"14271","yes",,,,,"https://sites.google.com/site/gpuppd/home",
"NVIDIA","GeForce GTS 450","11219",,"14592","yes",,,,,"https://sites.google.com/site/gpuppd/home",
"NVIDIA","GeForce GTS 450","11258",,"13824","yes",,,,,"https://sites.google.com/site/gpuppd/home",
"NVIDIA","GeForce GTX 460",,,"9787","no","720","258.96",,,"http://folding.stanford.edu/English/FAQ-Points#ntoc8",
"NVIDIA","GeForce GTX 460","6800","1:46","10579",,,"285.62",,"2.15","Folding Forum User: rhaven",
"NVIDIA","GeForce GTX 460","6800","1:46","10579",,,"285.62",,"2.19","Folding Forum User: rhaven",
"NVIDIA","GeForce GTX 460","6800","1:48","10481",,,"285.62",,"2.20","Folding Forum User: rhaven",
"NVIDIA","GeForce GTX 460","6801","1:48","10784",,,"258.62",,"2.15","Folding Forum User: rhaven",
"NVIDIA","GeForce GTX 460","6801","1:48","10784",,,"258.62",,"2.20","Folding Forum User: rhaven",
"NVIDIA","GeForce GTX 460","6801","1:49","10685",,,"285.62",,"2.20","Folding Forum User: rhaven",
"NVIDIA","GeForce GTX 460","6801","1:49","10685",,,"285.62",,"2.22","Folding Forum User: rhaven",
"NVIDIA","GeForce GTX 460","7612","6:25","17798",,"820",,,,"http://foldingforum.org/viewtopic.php?p=221178#p221178",
"NVIDIA","GeForce GTX 460","7613","6:55","19025",,"820",,,,"http://foldingforum.org/viewtopic.php?p=221178#p221178",
"NVIDIA","GeForce GTX 460","7620","7:11","17939","yes","750","285.62",,"2.22","http://foldingforum.org/viewtopic.php?p=223638#p223638",
"NVIDIA","GeForce GTX 460","7620","7:11","17939","yes","750","285.62",,"2.22","http://foldingforum.org/viewtopic.php?p=223638#p223638",
"NVIDIA","GeForce GTX 460","7621","7:11","17939","yes","750","285.62",,"2.22","http://foldingforum.org/viewtopic.php?p=223638#p223638",
"NVIDIA","GeForce GTX 460","7621","7:11","17939","yes","750","285.62",,"2.22","http://foldingforum.org/viewtopic.php?p=223638#p223638",
"NVIDIA","GeForce GTX 460","7622","7:11","28251","yes","750","285.62",,"2.22","http://foldingforum.org/viewtopic.php?p=223638#p223638",
"NVIDIA","GeForce GTX 460","7622","7:11","28251","yes","750","285.62",,"2.22","http://foldingforum.org/viewtopic.php?p=223638#p223638",
"NVIDIA","GeForce GTX 460","7623","7:11","28251","yes","750","285.62",,"2.22","http://foldingforum.org/viewtopic.php?p=223638#p223638",
"NVIDIA","GeForce GTX 460","7623","7:11","28251","yes","750","285.62",,"2.22","http://foldingforum.org/viewtopic.php?p=223638#p223638",
"NVIDIA","GeForce GTX 460","7623","8:30","23875",,"920",,,,"https://docs.google.com/spreadsheet/ccc?key=0AvRwjXh_dbXbdGtDUDBnd2JFM3VIb0tHSmhlamJPWHc#gid=0",
"NVIDIA","GeForce GTX 460","7623","10:52","18675","no","675","306.97","0x15","2.25","http://foldingforum.org/viewtopic.php?f=38&t=23487&p=235403#p235408","January 30, 2013"
"NVIDIA","GeForce GTX 460","7623","10:51","18704","no","675","306.97","0x15","2.25","http://foldingforum.org/viewtopic.php?f=38&t=23487&p=235403#p235408","January 30, 2013"
"NVIDIA","GeForce GTX 460","7623","10:52","18675","no","675","306.97","0x15","2.25","http://foldingforum.org/viewtopic.php?f=14&t=22281&p=235873#p235873","February 3, 2012"
"NVIDIA","GeForce GTX 460","7624","8:19","24401",,"920",,,,"https://docs.google.com/spreadsheet/ccc?key=0AvRwjXh_dbXbdGtDUDBnd2JFM3VIb0tHSmhlamJPWHc#gid=0",
"NVIDIA","GeForce GTX 460","7624","7:11","28251","yes","750","285.62",,"2.22","http://foldingforum.org/viewtopic.php?p=223638#p223638",
"NVIDIA","GeForce GTX 460","7624","7:11","28251","yes","750","285.62",,"2.22","http://foldingforum.org/viewtopic.php?p=223638#p223638",
"NVIDIA","GeForce GTX 460","7624","6:25","31626","no","800","302.82",,"2.22","http://www.rechenkraft.net/wiki/index.php?title=FAH/PPD#GPU-PPD_Tabelle",
"NVIDIA","GeForce GTX 460","7624","8:08",,,,,,,"http://hardforum.com/showpost.php?p=1039392961&postcount=24",
"NVIDIA","GeForce GTX 460","7625","6:37","25526",,"920",,,,"https://docs.google.com/spreadsheet/ccc?key=0AvRwjXh_dbXbdGtDUDBnd2JFM3VIb0tHSmhlamJPWHc#gid=0",
"NVIDIA","GeForce GTX 460","7625",,"10900",,"820",,,,"http://foldingforum.org/viewtopic.php?p=221057#p221057",
"NVIDIA","GeForce GTX 460","7625","7:11","28251","yes","750","285.62",,"2.22","http://foldingforum.org/viewtopic.php?p=223638#p223638",
"NVIDIA","GeForce GTX 460","7625","7:11","28251","yes","750","285.62",,"2.22","http://foldingforum.org/viewtopic.php?p=223638#p223638",
"NVIDIA","GeForce GTX 460","7625","6:24","11670","no","800","302.82",,"2.22","http://www.rechenkraft.net/wiki/index.php?title=FAH/PPD#GPU-PPD_Tabelle",
"NVIDIA","GeForce GTX 460","7625","11:01","18421","yes","675","306.97","0x15","2.25","http://foldingforum.org/viewtopic.php?f=14&t=22281&p=235873#p235873","February 3, 2012"
"NVIDIA","GeForce GTX 460","7625","10:55","18590","no","675","304.64","0x15","2.25","http://foldingforum.org/viewtopic.php?f=14&t=22281&p=237147#p237147","February 18, 2013"
"NVIDIA","GeForce GTX 460","7626","8:39","23461",,"920",,,,"https://docs.google.com/spreadsheet/ccc?key=0AvRwjXh_dbXbdGtDUDBnd2JFM3VIb0tHSmhlamJPWHc#gid=0",
"NVIDIA","GeForce GTX 460","7626","7:11","28251","yes","750","285.62",,"2.22","http://foldingforum.org/viewtopic.php?p=223638#p223638",
"NVIDIA","GeForce GTX 460","7626","7:11","28251","yes","750","285.62",,"2.22","http://foldingforum.org/viewtopic.php?p=223638#p223638",
"NVIDIA","GeForce GTX 460","7640",,"9500",,"820",,,,"http://foldingforum.org/viewtopic.php?p=221057#p221057",
"NVIDIA","GeForce GTX 460","7641",,"9500",,"820",,,,"http://foldingforum.org/viewtopic.php?p=221057#p221057",
"NVIDIA","GeForce GTX 460","7642",,"9500",,"820",,,,"http://foldingforum.org/viewtopic.php?p=221057#p221057",
"NVIDIA","GeForce GTX 460","7643",,"9500",,"820",,,,"http://foldingforum.org/viewtopic.php?p=221057#p221057",
"NVIDIA","GeForce GTX 460","7644",,"9500",,"820",,,,"http://foldingforum.org/viewtopic.php?p=221057#p221057",
"NVIDIA","GeForce GTX 460","7660","4:44","13480","no","675","304.64","0x15","2.25","http://foldingforum.org/viewtopic.php?f=14&t=22281&p=237147#p237147","February 18, 2013"
"NVIDIA","GeForce GTX 460","8005",,"16000","yes","860",,,,"http://www.maximumpc.com/forums/viewtopic.php?p=1214269&sid=a189c7c74fab98e9a5fef7a5da53ac3d#p1214269",
"NVIDIA","GeForce GTX 460","8005",,"13500",,"820",,,,"http://foldingforum.org/viewtopic.php?p=221057#p221057",
"NVIDIA","GeForce GTX 460","8005",,"14000",,"800",,,,"http://foldingforum.org/viewtopic.php?p=221177#p221177",
"NVIDIA","GeForce GTX 460","8005","2:30","14457","no","800","301.42",,"2.22","http://www.rechenkraft.net/wiki/index.php?title=FAH/PPD#GPU-PPD_Tabelle",
"NVIDIA","GeForce GTX 460","8006",,"14000",,"800",,,,"http://foldingforum.org/viewtopic.php?p=221177#p221177",
"NVIDIA","GeForce GTX 460","8006",,"13900",,"820",,,,"http://foldingforum.org/viewtopic.php?p=221177#p221177",
"NVIDIA","GeForce GTX 460","8007",,"14000",,"800",,,,"http://foldingforum.org/viewtopic.php?p=221177#p221177",
"NVIDIA","GeForce GTX 460","8007",,"13900",,"820",,,,"http://foldingforum.org/viewtopic.php?p=221177#p221177",
"NVIDIA","GeForce GTX 460","8008","2:20","15490","no","800","302.82",,"2.22","http://www.rechenkraft.net/wiki/index.php?title=FAH/PPD#GPU-PPD_Tabelle",
"NVIDIA","GeForce GTX 460","8008",,"13900",,"820",,,,"http://foldingforum.org/viewtopic.php?p=221177#p221177",
"NVIDIA","GeForce GTX 460","8009",,"14000",,"800",,,,"http://foldingforum.org/viewtopic.php?p=221177#p221177",
"NVIDIA","GeForce GTX 460","8009","2:30","14457","no","800","302.82",,"2.22","http://www.rechenkraft.net/wiki/index.php?title=FAH/PPD#GPU-PPD_Tabelle",
"NVIDIA","GeForce GTX 460","8010",,"13900",,"820",,,,"http://foldingforum.org/viewtopic.php?p=221177#p221177",
"NVIDIA","GeForce GTX 460","8018",,"14000",,"800",,,,"http://foldingforum.org/viewtopic.php?p=221177#p221177",
"NVIDIA","GeForce GTX 460","8018",,"14800",,"820",,,,"http://foldingforum.org/viewtopic.php?p=221177#p221177",
"NVIDIA","GeForce GTX 460","8018","6:19","13124",,"920",,,,"https://docs.google.com/spreadsheet/ccc?key=0AvRwjXh_dbXbdGtDUDBnd2JFM3VIb0tHSmhlamJPWHc#gid=0",
"NVIDIA","GeForce GTX 460","8019","5:01","16525","no","800","302.82",,"2.22","http://www.rechenkraft.net/wiki/index.php?title=FAH/PPD#GPU-PPD_Tabelle",
"NVIDIA","GeForce GTX 460","8019",,"15400",,"820",,,,"http://foldingforum.org/viewtopic.php?p=221177#p221177",
"NVIDIA","GeForce GTX 460","8019",,"14000",,"800",,,,"http://foldingforum.org/viewtopic.php?p=221177#p221177",
"NVIDIA","GeForce GTX 460","8020",,"14000",,"800",,,,"http://foldingforum.org/viewtopic.php?p=221177#p221177",
"NVIDIA","GeForce GTX 460","8020",,"15400",,"820",,,,"http://foldingforum.org/viewtopic.php?p=221177#p221177",
"NVIDIA","GeForce GTX 460","8020","5:02","16470","no","800","302.82",,"2.22","http://www.rechenkraft.net/wiki/index.php?title=FAH/PPD#GPU-PPD_Tabelle",
"NVIDIA","GeForce GTX 460","8031",,"14600",,"820",,,,"http://foldingforum.org/viewtopic.php?p=221177#p221177",
"NVIDIA","GeForce GTX 460","8033",,"14100",,"820",,,,"http://foldingforum.org/viewtopic.php?p=221177#p221177",
"NVIDIA","GeForce GTX 460","8034",,"14600",,"820",,,,"http://foldingforum.org/viewtopic.php?p=221177#p221177",
"NVIDIA","GeForce GTX 460","8035",,"14100",,"820",,,,"http://foldingforum.org/viewtopic.php?p=221177#p221177",
"NVIDIA","GeForce GTX 460","8036",,"14600",,"820",,,,"http://foldingforum.org/viewtopic.php?p=221177#p221177",
"NVIDIA","GeForce GTX 460","8043","3:10","10854",,"920",,,,"https://docs.google.com/spreadsheet/ccc?key=0AvRwjXh_dbXbdGtDUDBnd2JFM3VIb0tHSmhlamJPWHc#gid=0",
"NVIDIA","GeForce GTX 460","8044","3:03","11269",,"920",,,,"https://docs.google.com/spreadsheet/ccc?key=0AvRwjXh_dbXbdGtDUDBnd2JFM3VIb0tHSmhlamJPWHc#gid=0",
"NVIDIA","GeForce GTX 460","8045","3:09","10912",,"920",,,,"https://docs.google.com/spreadsheet/ccc?key=0AvRwjXh_dbXbdGtDUDBnd2JFM3VIb0tHSmhlamJPWHc#gid=0",
"NVIDIA","GeForce GTX 460","8054","3:11","10797",,"920",,,,"https://docs.google.com/spreadsheet/ccc?key=0AvRwjXh_dbXbdGtDUDBnd2JFM3VIb0tHSmhlamJPWHc#gid=0",
"NVIDIA","GeForce GTX 460","8070","3:05","18100","yes","800","285.62","0x15","2.25","Folding Forum User: artoar_11","January 10, 2013"
"NVIDIA","GeForce GTX 460","8072",,"11664",,,,,,"http://foldingforum.org/viewtopic.php?p=235880#p235880","February 3, 2013"
"NVIDIA","GeForce GTX 460","8072","3:48","14680","no","675","306.97","0x15","2.25","http://foldingforum.org/viewtopic.php?f=14&t=22281&p=236353#p236353","February 7, 2013"
"NVIDIA","GeForce GTX 460","8072","3:44","14942","no","675","275.43","0x15","2.25","http://foldingforum.org/viewtopic.php?f=14&t=22281&p=236517#p236517","February 9, 2013"
"NVIDIA","GeForce GTX 460","8073",,"11660",,,,,,"http://foldingforum.org/viewtopic.php?p=235880#p235880","February 3, 2013"
"NVIDIA","GeForce GTX 460","8073","3:46","14810","no","675","306.97","0x15","2.25","http://foldingforum.org/viewtopic.php?f=14&t=22281&p=236353#p236353","February 7, 2013"
"NVIDIA","GeForce GTX 460","8073","3:41","15145","no","675","275.43","0x15","2.25","http://foldingforum.org/viewtopic.php?f=14&t=22281&p=236517#p236517","February 9, 2013"
"NVIDIA","GeForce GTX 460","8073","3:48","14680","no","675","275.43","0x15","2.25","http://foldingforum.org/viewtopic.php?f=14&t=22281&p=236760#p236760","February 12, 2013"
"NVIDIA","GeForce GTX 460","8073","3:47","14745","no","675","304.64","0x15","2.25","http://foldingforum.org/viewtopic.php?f=14&t=22281&p=237061#p237061","February 16, 2013"
"NVIDIA","GeForce GTX 460","8073","3:49","14616","no","675","304.64","0x15","2.25","http://foldingforum.org/viewtopic.php?f=14&t=22281&p=237061#p237061","February 16, 2013"
"NVIDIA","GeForce GTX 460","8074","3:05","18100","yes","800","285.62","0x15","2.25","Folding Forum User: artoar_11","January 10, 2013"
"NVIDIA","GeForce GTX 465","7623","8:29","23922",,"800",,,,"https://docs.google.com/spreadsheet/ccc?key=0AvRwjXh_dbXbdGtDUDBnd2JFM3VIb0tHSmhlamJPWHc#gid=0",
"NVIDIA","GeForce GTX 465","7624","8:40","23416",,"800",,,,"https://docs.google.com/spreadsheet/ccc?key=0AvRwjXh_dbXbdGtDUDBnd2JFM3VIb0tHSmhlamJPWHc#gid=0",
"NVIDIA","GeForce GTX 465","7626","6:09","32998",,"800",,,,"https://docs.google.com/spreadsheet/ccc?key=0AvRwjXh_dbXbdGtDUDBnd2JFM3VIb0tHSmhlamJPWHc#gid=0",
"NVIDIA","GeForce GTX 465","8045","2:48","12276",,"800",,,,"https://docs.google.com/spreadsheet/ccc?key=0AvRwjXh_dbXbdGtDUDBnd2JFM3VIb0tHSmhlamJPWHc#gid=0",
"NVIDIA","GeForce GTX 465","8054","2:48","12276",,"800",,,,"https://docs.google.com/spreadsheet/ccc?key=0AvRwjXh_dbXbdGtDUDBnd2JFM3VIb0tHSmhlamJPWHc#gid=0",
"NVIDIA","GeForce GTX 465","8072","2:48","19923",,"800",,,,"https://docs.google.com/spreadsheet/ccc?key=0AvRwjXh_dbXbdGtDUDBnd2JFM3VIb0tHSmhlamJPWHc#gid=0",
"NVIDIA","GeForce GTX 465","8073","2:48","19923",,"800",,,,"https://docs.google.com/spreadsheet/ccc?key=0AvRwjXh_dbXbdGtDUDBnd2JFM3VIb0tHSmhlamJPWHc#gid=0",
"NVIDIA","GeForce GTX 465","8074","2:49","19805",,"800",,,,"https://docs.google.com/spreadsheet/ccc?key=0AvRwjXh_dbXbdGtDUDBnd2JFM3VIb0tHSmhlamJPWHc#gid=0",
"NVIDIA","GeForce GTX 470",,,"14500",,,,,,"https://docs.google.com/spreadsheet/ccc?key=0AtnvlyR1e8FNcElSdDlyaHNZUUNlS3NiWldMM2ZoYWc&hl=en#gid=0",
"NVIDIA","GeForce GTX 470","8020","7:30","11053",,"670","301.42",,"2.22","http://www.rechenkraft.net/wiki/index.php?title=FAH/PPD#GPU-PPD_Tabelle",
"NVIDIA","GeForce GTX 470","10632",,"14813",,,,,,"https://sites.google.com/site/gpuppd/home",
"NVIDIA","GeForce GTX 470","10632",,"14300",,,,,,"https://sites.google.com/site/gpuppd/home",
"NVIDIA","GeForce GTX 470","10632",,"14700",,,,,,"https://sites.google.com/site/gpuppd/home",
"NVIDIA","GeForce GTX 470","10934",,"15369",,,,,,"https://sites.google.com/site/gpuppd/home",
"NVIDIA","GeForce GTX 470","11233",,"14600",,,,,,"https://sites.google.com/site/gpuppd/home",
"NVIDIA","GeForce GTX 470","11238",,"14709",,,,,,"https://sites.google.com/site/gpuppd/home",
"NVIDIA","GeForce GTX 470","11250",,"16032",,,,,,"https://sites.google.com/site/gpuppd/home",
"NVIDIA","GeForce GTX 470","11252",,"14600",,,,,,"https://sites.google.com/site/gpuppd/home",
"NVIDIA","GeForce GTX 470","11260",,"14592",,,,,,"https://sites.google.com/site/gpuppd/home",
"NVIDIA","GeForce GTX 480","7623","5:50","34789",,"850",,,,"http://hardforum.com/showpost.php?p=1039393151&postcount=27",
"NVIDIA","GeForce GTX 480","10951",,"15670",,,,,,"https://sites.google.com/site/gpuppd/home",
"NVIDIA","GeForce GTX 480","11247",,"16416",,,,,,"https://sites.google.com/site/gpuppd/home",
"NVIDIA","GeForce GTX 550 Ti","7623","15:59","12696",,"999",,,,"https://docs.google.com/spreadsheet/ccc?key=0AvRwjXh_dbXbdGtDUDBnd2JFM3VIb0tHSmhlamJPWHc#gid=0",
"NVIDIA","GeForce GTX 550 Ti","7626","16:17","12463",,"999",,,,"https://docs.google.com/spreadsheet/ccc?key=0AvRwjXh_dbXbdGtDUDBnd2JFM3VIb0tHSmhlamJPWHc#gid=0",
"NVIDIA","GeForce GTX 560 SE","7623","9:22","21666",,"925",,,,"https://docs.google.com/spreadsheet/ccc?key=0AvRwjXh_dbXbdGtDUDBnd2JFM3VIb0tHSmhlamJPWHc#gid=0",
"NVIDIA","GeForce GTX 560 SE","7626","9:40","20993",,"925",,,,"https://docs.google.com/spreadsheet/ccc?key=0AvRwjXh_dbXbdGtDUDBnd2JFM3VIb0tHSmhlamJPWHc#gid=0",
"NVIDIA","GeForce GTX 560 Ti","7623","5:21","37932","yes","900","301.42","0x15","2.22","http://foldingforum.org/viewtopic.php?p=222858#p222858",
"NVIDIA","GeForce GTX 560 Ti","7623","5:21","37932","yes","900","301.42","0x15","2.22","http://foldingforum.org/viewtopic.php?p=222858#p222858",
"NVIDIA","GeForce GTX 560 Ti","7623","6:30","31221",,"850",,,,"http://hardforum.com/showpost.php?p=1039393350&postcount=30",
"NVIDIA","GeForce GTX 560 Ti","7624","7:34","26820",,"900",,,,"https://docs.google.com/spreadsheet/ccc?key=0AvRwjXh_dbXbdGtDUDBnd2JFM3VIb0tHSmhlamJPWHc#gid=0",
"NVIDIA","GeForce GTX 560 Ti","7625","7:34","26820",,"900",,,,"https://docs.google.com/spreadsheet/ccc?key=0AvRwjXh_dbXbdGtDUDBnd2JFM3VIb0tHSmhlamJPWHc#gid=0",
"NVIDIA","GeForce GTX 560 Ti","7626","5:54","34396","no","833","301.42","0x15","2.22","http://foldingforum.org/viewtopic.php?p=222610#p222610",
"NVIDIA","GeForce GTX 560 Ti","7626","7:35","26761",,"900",,,,"https://docs.google.com/spreadsheet/ccc?key=0AvRwjXh_dbXbdGtDUDBnd2JFM3VIb0tHSmhlamJPWHc#gid=0",
"NVIDIA","GeForce GTX 560 Ti","8008","2:07","17075","yes","900","301.42","0x15",,"http://foldingforum.org/viewtopic.php?p=222598#p222598",
"NVIDIA","GeForce GTX 560 Ti","8008","2:06","17211","yes","900","301.42","0x15",,"http://foldingforum.org/viewtopic.php?p=222598#p222598",
"NVIDIA","GeForce GTX 560 Ti","8010","3:58","20934","no",,,,,"http://foldingforum.org/viewtopic.php?p=223326#p223326",
"NVIDIA","GeForce GTX 560 Ti","8010","3:22","24602","yes","900",,,,"http://foldingforum.org/viewtopic.php?p=223326#p223326",
"NVIDIA","GeForce GTX 560 Ti","8020","4:11","19816","yes","900","301.42","0x15","2.22","http://foldingforum.org/viewtopic.php?p=223272#p223272",
"NVIDIA","GeForce GTX 560 Ti","8020","4:12","19738","yes","900","301.42","0x15","2.22","http://foldingforum.org/viewtopic.php?p=223272#p223272",
"NVIDIA","GeForce GTX 560 Ti","8043","2:19","14837",,"900",,,,"https://docs.google.com/spreadsheet/ccc?key=0AvRwjXh_dbXbdGtDUDBnd2JFM3VIb0tHSmhlamJPWHc#gid=0",
"NVIDIA","GeForce GTX 560 Ti","8043","2:18","14945",,"900",,,,"https://docs.google.com/spreadsheet/ccc?key=0AvRwjXh_dbXbdGtDUDBnd2JFM3VIb0tHSmhlamJPWHc#gid=0",
"NVIDIA","GeForce GTX 560 Ti","8044","2:15","15277",,"900",,,,"https://docs.google.com/spreadsheet/ccc?key=0AvRwjXh_dbXbdGtDUDBnd2JFM3VIb0tHSmhlamJPWHc#gid=0",
"NVIDIA","GeForce GTX 560 Ti","8054","2:19","14837",,"900",,,,"https://docs.google.com/spreadsheet/ccc?key=0AvRwjXh_dbXbdGtDUDBnd2JFM3VIb0tHSmhlamJPWHc#gid=0",
"NVIDIA","GeForce GTX 560 Ti","8072","2:19","24080",,"900",,,,"https://docs.google.com/spreadsheet/ccc?key=0AvRwjXh_dbXbdGtDUDBnd2JFM3VIb0tHSmhlamJPWHc#gid=0",
"NVIDIA","GeForce GTX 570","7623","6:01","33729",,"843",,,,"https://docs.google.com/spreadsheet/ccc?key=0AvRwjXh_dbXbdGtDUDBnd2JFM3VIb0tHSmhlamJPWHc#gid=0",
"NVIDIA","GeForce GTX 570","7624","6:10","32909",,"843",,,,"https://docs.google.com/spreadsheet/ccc?key=0AvRwjXh_dbXbdGtDUDBnd2JFM3VIb0tHSmhlamJPWHc#gid=0",
"NVIDIA","GeForce GTX 570","7625","6:12","32732",,"843",,,,"https://docs.google.com/spreadsheet/ccc?key=0AvRwjXh_dbXbdGtDUDBnd2JFM3VIb0tHSmhlamJPWHc#gid=0",
"NVIDIA","GeForce GTX 570","7626","6:11","32820",,"843",,,,"https://docs.google.com/spreadsheet/ccc?key=0AvRwjXh_dbXbdGtDUDBnd2JFM3VIb0tHSmhlamJPWHc#gid=0",
"NVIDIA","GeForce GTX 570","8054","2:20","14731",,"843",,,,"https://docs.google.com/spreadsheet/ccc?key=0AvRwjXh_dbXbdGtDUDBnd2JFM3VIb0tHSmhlamJPWHc#gid=0",
"NVIDIA","GeForce GTX 570","8018","6:48","12191",,"932","304.79",,"2.22","http://www.rechenkraft.net/wiki/index.php?title=FAH/PPD#GPU-PPD_Tabelle",
"NVIDIA","GeForce GTX 580","7623","4:59","40750",,"966",,,,"https://docs.google.com/spreadsheet/ccc?key=0AvRwjXh_dbXbdGtDUDBnd2JFM3VIb0tHSmhlamJPWHc#gid=0",
"NVIDIA","GeForce GTX 580","7623","4:59","40750",,"970",,,,"https://docs.google.com/spreadsheet/ccc?key=0AvRwjXh_dbXbdGtDUDBnd2JFM3VIb0tHSmhlamJPWHc#gid=0",
"NVIDIA","GeForce GTX 580","7623","5:19","38170",,"900",,,,"https://docs.google.com/spreadsheet/ccc?key=0AvRwjXh_dbXbdGtDUDBnd2JFM3VIb0tHSmhlamJPWHc#gid=0",
"NVIDIA","GeForce GTX 580","7623","4:54","41416",,"980",,,,"https://docs.google.com/spreadsheet/ccc?key=0AvRwjXh_dbXbdGtDUDBnd2JFM3VIb0tHSmhlamJPWHc#gid=0",
"NVIDIA","GeForce GTX 580","7623","4:57","41000",,"1000",,,,"https://docs.google.com/spreadsheet/ccc?key=0AvRwjXh_dbXbdGtDUDBnd2JFM3VIb0tHSmhlamJPWHc#gid=0",
"NVIDIA","GeForce GTX 580","7624","5:03","40186",,"980",,,,"https://docs.google.com/spreadsheet/ccc?key=0AvRwjXh_dbXbdGtDUDBnd2JFM3VIb0tHSmhlamJPWHc#gid=0",
"NVIDIA","GeForce GTX 580","7625","5:04","40053",,"975",,,,"https://docs.google.com/spreadsheet/ccc?key=0AvRwjXh_dbXbdGtDUDBnd2JFM3VIb0tHSmhlamJPWHc#gid=0",
"NVIDIA","GeForce GTX 580","7626","5:29","37010",,"900",,,,"https://docs.google.com/spreadsheet/ccc?key=0AvRwjXh_dbXbdGtDUDBnd2JFM3VIb0tHSmhlamJPWHc#gid=0",
"NVIDIA","GeForce GTX 580","8054","1:41","20420",,"900",,,,"https://docs.google.com/spreadsheet/ccc?key=0AvRwjXh_dbXbdGtDUDBnd2JFM3VIb0tHSmhlamJPWHc#gid=0",
"NVIDIA","GeForce GTX 580","8072","1:38","34154",,"975",,,,"https://docs.google.com/spreadsheet/ccc?key=0AvRwjXh_dbXbdGtDUDBnd2JFM3VIb0tHSmhlamJPWHc#gid=0",
"NVIDIA","GeForce GTX 580","8072","1:41","33140",,"900",,,,"https://docs.google.com/spreadsheet/ccc?key=0AvRwjXh_dbXbdGtDUDBnd2JFM3VIb0tHSmhlamJPWHc#gid=0",
"NVIDIA","GeForce GTX 580","8073","1:38","34154",,"975",,,,"https://docs.google.com/spreadsheet/ccc?key=0AvRwjXh_dbXbdGtDUDBnd2JFM3VIb0tHSmhlamJPWHc#gid=0",
"NVIDIA","GeForce GTX 580","8073","1:41","33140",,"900",,,,"https://docs.google.com/spreadsheet/ccc?key=0AvRwjXh_dbXbdGtDUDBnd2JFM3VIb0tHSmhlamJPWHc#gid=0",
"NVIDIA","GeForce GTX 580","8073","1:36","34866",,"1000",,,,"https://docs.google.com/spreadsheet/ccc?key=0AvRwjXh_dbXbdGtDUDBnd2JFM3VIb0tHSmhlamJPWHc#gid=0",
"NVIDIA","GeForce GTX 580","8073","1:59","28127","yes","797","310.90","0x15","2.25","sajinor","February 18, 2013"
"NVIDIA","GeForce GTX 580","8074","1:38","34154",,"975",,,,"https://docs.google.com/spreadsheet/ccc?key=0AvRwjXh_dbXbdGtDUDBnd2JFM3VIb0tHSmhlamJPWHc#gid=0",
"NVIDIA","GeForce GTX 580","8074","1:41","33140",,"900",,,,"https://docs.google.com/spreadsheet/ccc?key=0AvRwjXh_dbXbdGtDUDBnd2JFM3VIb0tHSmhlamJPWHc#gid=0",
"NVIDIA","GeForce GT 630M","7624","44:39","4545","no","660","310.90","0x15","","System information","February 10, 2013"
"NVIDIA","GeForce GT 640","7623","19:27","10433","no","954","306.97","0x15","2.25","byronblood",
"NVIDIA","GeForce GT 640","7623","17:02","11914","yes","1097","310.90","0x15","2.25","byronblood","February 8, 2013"
"NVIDIA","GeForce GT 640","7624","19:53","10206","no","954","306.97","0x15","2.25","byronblood",
"NVIDIA","GeForce GT 640","7625","19:51","10223","no","954","310.90","0x15","2.25","byronblood","January 26, 2013"
"NVIDIA","GeForce GT 640","7626","19:50","10232","no","954","306.97","0x15","2.25","byronblood",
"NVIDIA","GeForce GT 640","8054","5:36","6138","no","954","306.97","0x15","2.25","byronblood",
"NVIDIA","GeForce GT 640","8073","5:35","9991","no","954","310.90","0x15","2.25","byronblood","January 26, 2013"
"NVIDIA","GeForce GT 640","8074","5:36","9962","no","954","310.90","0x15","2.25","byronblood","January 26, 2013"
"NVIDIA","GeForce GTX 650","8072","9:15","6031","no","1058","310.90","0x15","2.25","sajinor","February 18, 2013"
"NVIDIA","GeForce GTX 650 Ti","7623","9:22","21666","yes","1100","306.97","0x15","2.25","artoar_11 (@fah artoar_home)",
"NVIDIA","GeForce GTX 650 Ti","7623","8:40","23416","yes","1189","306.97","0x15","2.25","http://foldingforum.org/viewtopic.php?f=38&t=23179#p232548","January 18, 2013"
"NVIDIA","GeForce GTX 650 Ti","7624","9:33","21250",,"1097",,"0x15","2.25","http://hardforum.com/showpost.php?p=1039390011&postcount=28",
"NVIDIA","GeForce GTX 650 Ti","7625","9:54","20498",,"1097",,"0x15","2.25","http://hardforum.com/showpost.php?p=1039390011&postcount=28",
"NVIDIA","GeForce GTX 650 Ti","7626","10:58","18505",,"1097",,"0x15","2.25","http://hardforum.com/showpost.php?p=1039390011&postcount=28",
"NVIDIA","GeForce GTX 650 Ti","8054","3:23","10100",,"1097",,"0x15","2.25","http://hardforum.com/showpost.php?p=1039390011&postcount=28",
"NVIDIA","GeForce GTX 650 Ti","8073","2:58","18804",,"1100",,"0x15","2.25","http://hardforum.com/showpost.php?p=1039390011&postcount=28",
"NVIDIA","GeForce GTX 650 Ti","8073","3:01","18492","no","1071","310.90","0x15","2.25","byronblood","January 26, 2013"
"NVIDIA","GeForce GTX 650 Ti","8073","3:17","16990","no","993","310.90","0x15","","musicload","February 14, 2013"
"NVIDIA","GeForce GTX 650 Ti","8074","2:57","18910",,"1100",,"0x15","2.25","http://hardforum.com/showpost.php?p=1039390011&postcount=28",
"NVIDIA","GeForce GTX 660","7624","7:05","28650",,,,,,"http://hardforum.com/showpost.php?p=1039393099&postcount=26",
"NVIDIA","GeForce GTX 660","7626","7:33","26879",,,,,,"http://hardforum.com/showpost.php?p=1039393099&postcount=26",
"NVIDIA","GeForce GTX 660 Ti","7623","6:02","33636","no","1097","310.70","0x15","2.25","bollix47",
"NVIDIA","GeForce GTX 660 Ti","7623","4:52","41699","yes","1280","310.70"," ","2.25","https://docs.google.com/spreadsheet/ccc?key=0AvWt4Vn1a4nrdHNjVGxRT2lWcHVldWpOSzlfMEl2VHc","January 12, 2013"
"NVIDIA","GeForce GTX 660 Ti","7623","5:16","38532","yes","1228","306.97","0x15","2.25","http://foldingforum.org/viewtopic.php?f=14&t=22281&start=75#p234023","January 18, 2013"
"NVIDIA","GeForce GTX 660 Ti","7623","5:11","39152","yes","1228","306.97","0x15","2.25","http://foldingforum.org/viewtopic.php?f=14&t=22281&p=234056#p234056","January 18, 2013"
"NVIDIA","GeForce GTX 660 Ti","7623","5:32","36675","yes","1150","306.97","0x15","2.25","http://foldingforum.org/viewtopic.php?f=14&t=22281&start=75#p234023","January 18, 2013"
"NVIDIA","GeForce GTX 660 Ti","7623","5:23","37697","yes","1175","306.97","0x15","2.25","http://foldingforum.org/viewtopic.php?f=14&t=22281&p=234056#p234056","January 18, 2013"
"NVIDIA","GeForce GTX 660 Ti","7623","5:23","37697","yes","1175","306.97","0x15","2.25","http://foldingforum.org/viewtopic.php?f=38&t=23487&p=235403#p235408","January 30, 2013"
"NVIDIA","GeForce GTX 660 Ti","7623","5:22","37814","yes","1175","306.97","0x15","2.25","http://foldingforum.org/viewtopic.php?f=38&t=23487&p=235403#p235408","January 30, 2013"
"NVIDIA","GeForce GTX 660 Ti","7623","5:25","37465","yes","1162","306.81","0x15","2.25","http://foldingforum.org/viewtopic.php?f=14&t=22281&p=235873#p235873","February 3, 2012"
"NVIDIA","GeForce GTX 660 Ti","7623","5:11","39152","yes","1228","306.97","0x15","2.25","http://foldingforum.org/viewtopic.php?f=14&t=22281&p=235896#p235896","February 3, 2012"
"NVIDIA","GeForce GTX 660 Ti","7624","5:26","37350",,,,,,"http://hardforum.com/showpost.php?p=1039391066&postcount=10",
"NVIDIA","GeForce GTX 660 Ti","7624","6:06","33268","no","1097","310.70","0x15","2.25","bollix47",
"NVIDIA","GeForce GTX 660 Ti","7624","5:17","38411","yes","1280","310.70","0x15","2.25","https://docs.google.com/spreadsheet/ccc?key=0AvWt4Vn1a4nrdHNjVGxRT2lWcHVldWpOSzlfMEl2VHc","January 12, 2013"
"NVIDIA","GeForce GTX 660 Ti","7624","5:13","38902","yes","1228","306.97","0x15","2.25","http://foldingforum.org/viewtopic.php?f=38&t=23487&p=235403#p235408","January 30, 2013"
"NVIDIA","GeForce GTX 660 Ti","7624","5:25","37465","yes","1175","306.97","0x15","2.25","http://foldingforum.org/viewtopic.php?f=14&t=22281&p=237147#p237147","February 18, 2013"
"NVIDIA","GeForce GTX 660 Ti","7624","5:18","38290","yes","1201","306.97","0x15","2.25","http://foldingforum.org/viewtopic.php?f=14&t=22281&p=237147#p237147","February 18, 2013"
"NVIDIA","GeForce GTX 660 Ti","7624","5:13","38902","yes","1228","306.97","0x15","2.25","http://foldingforum.org/viewtopic.php?f=14&t=22281&p=237147#p237147","February 18, 2013"
"NVIDIA","GeForce GTX 660 Ti","7625","6:00","33823","no","1097","310.70","0x15","2.25","bollix47",
"NVIDIA","GeForce GTX 660 Ti","7625","5:27","37236","yes","1162","306.81","0x15","2.25","http://foldingforum.org/viewtopic.php?f=14&t=22281&p=235444#p235444","January 30, 2013"
"NVIDIA","GeForce GTX 660 Ti","7625","5:27","37236","yes","1162","306.97","0x15","2.25","http://foldingforum.org/viewtopic.php?f=14&t=22281&p=235873#p235873","February 3, 2012"
"NVIDIA","GeForce GTX 660 Ti","7625","5:26","37350","yes","1175","306.97","0x15","2.25","http://foldingforum.org/viewtopic.php?f=14&t=22281&p=235896#p235896","February 3, 2012"
"NVIDIA","GeForce GTX 660 Ti","7625","5:18","38902","yes","1215","306.97","0x15","2.25","http://foldingforum.org/viewtopic.php?f=14&t=22281&p=237147#p237147","February 18, 2013"
"NVIDIA","GeForce GTX 660 Ti","7626","4:55","41275","yes","1280","310.70"," ","2.25","https://docs.google.com/spreadsheet/ccc?key=0AvWt4Vn1a4nrdHNjVGxRT2lWcHVldWpOSzlfMEl2VHc","January 12, 2013"
"NVIDIA","GeForce GTX 660 Ti","7626","5:23","37697","yes","1175","306.97","0x15","2.25","http://foldingforum.org/viewtopic.php?f=14&t=22281&p=235873#p235873","February 3, 2013"
"NVIDIA","GeForce GTX 660 Ti","7626","5:52","34592","no","1097","310.70","0x15","2.25","bollix47",
"NVIDIA","GeForce GTX 660 Ti","7626","5:13","38902","yes","1228","306.97","0x15","2.25","http://foldingforum.org/viewtopic.php?f=14&t=22281&p=235873#p235873","February 3, 2012"
"NVIDIA","GeForce GTX 660 Ti","7626","5:31","36786","yes","1162","306.97","0x15","2.25","http://foldingforum.org/viewtopic.php?f=14&t=22281&p=237147#p237147","February 18, 2013"
"NVIDIA","GeForce GTX 660 Ti","7660","2:28","25867","yes","1201","306.97","0x15","2.25","http://foldingforum.org/viewtopic.php?f=14&t=22281&p=237147#p237147","February 18, 2013"
"NVIDIA","GeForce GTX 660 Ti","8018","3:56","21076","yes","1280","310.70","0x15","2.25","https://docs.google.com/spreadsheet/ccc?key=0AvWt4Vn1a4nrdHNjVGxRT2lWcHVldWpOSzlfMEl2VHc","January 12, 2013"
"NVIDIA","GeForce GTX 660 Ti","8044","1:57","17627","yes","1280","310.70","0x15","2.25","https://docs.google.com/spreadsheet/ccc?key=0AvWt4Vn1a4nrdHNjVGxRT2lWcHVldWpOSzlfMEl2VHc","January 12, 2013"
"NVIDIA","GeForce GTX 660 Ti","8045","2:00","17186","yes","1280","310.70","0x15","2.25","https://docs.google.com/spreadsheet/ccc?key=0AvWt4Vn1a4nrdHNjVGxRT2lWcHVldWpOSzlfMEl2VHc","January 12, 2013"
"NVIDIA","GeForce GTX 660 Ti","8070","2:13","25166","yes","1162","304.64","0x15","2.25","http://foldingforum.org/viewtopic.php?f=14&t=22281&p=237243#p237243","February 19, 2013"
"NVIDIA","GeForce GTX 660 Ti","8072","2:07","26355","yes","1215","306.97","0x15","2.25","http://foldingforum.org/viewtopic.php?f=38&t=23487&p=235681#p235681","February 1, 2013"
"NVIDIA","GeForce GTX 660 Ti","8072","2:06","26564","yes","1228","306.97","0x15","2.25","http://foldingforum.org/viewtopic.php?f=14&t=22281&start=75#p233989","January 18, 2013"
"NVIDIA","GeForce GTX 660 Ti","8072","2:09","25946","yes","1175","306.97","0x15","2.25","http://foldingforum.org/viewtopic.php?f=14&t=22281&p=236353#p236353","February 7, 2013"
"NVIDIA","GeForce GTX 660 Ti","8072","2:08","26149","yes","1215","306.97","0x15","2.25","http://foldingforum.org/viewtopic.php?f=14&t=22281&p=236353#p236353","February 7, 2013"
"NVIDIA","GeForce GTX 660 Ti","8072","2:10","25747","yes","1175","306.97","0x15","2.25","http://foldingforum.org/viewtopic.php?f=14&t=22281&p=236517#p236517","February 9, 2013"
"NVIDIA","GeForce GTX 660 Ti","8072","2:08","26149","yes","1201","306.97","0x15","2.25","http://foldingforum.org/viewtopic.php?f=14&t=22281&p=236517#p236517","February 9, 2013"
"NVIDIA","GeForce GTX 660 Ti","8072","2:06","26564","yes","1215","306.97","0x15","2.25","http://foldingforum.org/viewtopic.php?f=14&t=22281&p=236517#p236517","February 9, 2013"
"NVIDIA","GeForce GTX 660 Ti","8072","2:08","26149","yes","1201","306.97","0x15","2.25","http://foldingforum.org/viewtopic.php?f=14&t=22281&p=236517#p236517","February 9, 2013"
"NVIDIA","GeForce GTX 660 Ti","8072","2:11","25550","yes","1162","306.81","0x15","2.25","http://foldingforum.org/viewtopic.php?f=14&t=22281&p=236760#p236760","February 12, 2013"
"NVIDIA","GeForce GTX 660 Ti","8072","2:06","26564","yes","1228","306.97","0x15","2.25","http://foldingforum.org/viewtopic.php?f=14&t=22281&p=236760#p236760","February 12, 2013"
"NVIDIA","GeForce GTX 660 Ti","8072","2:09","25946","yes","1201","306.97","0x15","2.25","http://foldingforum.org/viewtopic.php?f=14&t=22281&p=236760#p236760","February 12, 2013"
"NVIDIA","GeForce GTX 660 Ti","8072","2:08","26149","yes","1201","306.97","0x15","2.25","http://foldingforum.org/viewtopic.php?f=14&t=22281&p=236760#p236760","February 12, 2013"
"NVIDIA","GeForce GTX 660 Ti","8073","2:10",,"yes","1162","306.81","0x15","2.25","http://foldingforum.org/viewtopic.php?f=14&t=22281&p=236517#p236517","February 9, 2013"
"NVIDIA","GeForce GTX 660 Ti","8073","2:05","26777","yes","1228","306.97","0x15","2.25","http://foldingforum.org/viewtopic.php?f=38&t=23487&p=235681#p235681","February 1, 2013"
"NVIDIA","GeForce GTX 660 Ti","8073","2:07","26355","yes","1201","306.97","0x15","2.25","http://foldingforum.org/viewtopic.php?f=14&t=22281&p=236147#p236147","February 5, 2012"
"NVIDIA","GeForce GTX 660 Ti","8073","2:11","25550","yes","1150","306.97","0x15","2.25","http://foldingforum.org/viewtopic.php?f=14&t=22281&p=236148#p236148","February 5, 2012"
"NVIDIA","GeForce GTX 660 Ti","8073","2:11","25550","yes","1162","306.81","0x15","2.25","http://foldingforum.org/viewtopic.php?f=14&t=22281&p=236353#p236353","February 7, 2013"
"NVIDIA","GeForce GTX 660 Ti","8073","2:05","26777","yes","1228","306.97","0x15","2.25","http://foldingforum.org/viewtopic.php?f=14&t=22281&p=236353#p236353","February 7, 2013"
"NVIDIA","GeForce GTX 660 Ti","8073","2:06","26564","yes","1215","306.97","0x15","2.25","http://foldingforum.org/viewtopic.php?f=14&t=22281&p=236353#p236353","February 7, 2013"
"NVIDIA","GeForce GTX 660 Ti","8073","2:06","26564","","1215","306.97","0x15","2.25","http://foldingforum.org/viewtopic.php?f=14&t=22281&p=236353#p236353","February 7, 2013"
"NVIDIA","GeForce GTX 660 Ti","8073","2:07","26355","yes","1215","306.97","0x15","2.25","http://foldingforum.org/viewtopic.php?f=14&t=22281&p=236517#p236517","February 9, 2013"
"NVIDIA","GeForce GTX 660 Ti","8073","2:05","26777","yes","1228","306.97","0x15","2.25","http://foldingforum.org/viewtopic.php?f=14&t=22281&p=236517#p236517","February 9, 2013"
"NVIDIA","GeForce GTX 660 Ti","8073","2:06","26564","yes","1215","306.97","0x15","2.25","http://foldingforum.org/viewtopic.php?f=14&t=22281&p=236517#p236517","February 9, 2013"
"NVIDIA","GeForce GTX 660 Ti","8073","2:10","25747","yes","1175","306.97","0x15","2.25","http://foldingforum.org/viewtopic.php?f=14&t=22281&p=236760#p236760","February 12, 2013"
"NVIDIA","GeForce GTX 660 Ti","8073","2:07","26355","yes","1201","306.97","0x15","2.25","http://foldingforum.org/viewtopic.php?f=14&t=22281&p=236760#p236760","February 12, 2013"
"NVIDIA","GeForce GTX 660 Ti","8073","2:06","26564","yes","1215","306.97","0x15","2.25","http://foldingforum.org/viewtopic.php?f=14&t=22281&p=236760#p236760","February 12, 2013"
"NVIDIA","GeForce GTX 660 Ti","8073","2:07","26355","yes","1215","306.97","0x15","2.25","http://foldingforum.org/viewtopic.php?f=14&t=22281&p=236760#p236760","February 12, 2013"
"NVIDIA","GeForce GTX 660 Ti","8074","2:10","25747","yes","1215","306.97","0x15","2.25","http://foldingforum.org/viewtopic.php?f=14&t=22281&start=75#p233989","January 18, 2013"
"NVIDIA","GeForce GTX 670","7623","5:33","36565",,"1084",,,,"https://docs.google.com/spreadsheet/ccc?key=0AvRwjXh_dbXbdGtDUDBnd2JFM3VIb0tHSmhlamJPWHc#gid=0",
"NVIDIA","GeForce GTX 670","7624","5:33","36565",,"1084",,,,"https://docs.google.com/spreadsheet/ccc?key=0AvRwjXh_dbXbdGtDUDBnd2JFM3VIb0tHSmhlamJPWHc#gid=0",
"NVIDIA","GeForce GTX 670","7625","5:32","36675",,"1084",,,,"https://docs.google.com/spreadsheet/ccc?key=0AvRwjXh_dbXbdGtDUDBnd2JFM3VIb0tHSmhlamJPWHc#gid=0",
"NVIDIA","GeForce GTX 670","8018","4:25","18770",,"1084",,,,"https://docs.google.com/spreadsheet/ccc?key=0AvRwjXh_dbXbdGtDUDBnd2JFM3VIb0tHSmhlamJPWHc#gid=0",
"NVIDIA","GeForce GTX 670","8043","2:16","15164",,"1084",,,,"https://docs.google.com/spreadsheet/ccc?key=0AvRwjXh_dbXbdGtDUDBnd2JFM3VIb0tHSmhlamJPWHc#gid=0",
"NVIDIA","GeForce GTX 670","8044","2:10","15864",,"1084",,,,"https://docs.google.com/spreadsheet/ccc?key=0AvRwjXh_dbXbdGtDUDBnd2JFM3VIb0tHSmhlamJPWHc#gid=0",
"NVIDIA","GeForce GTX 670","8045","2:14","15390",,"1084",,,,"https://docs.google.com/spreadsheet/ccc?key=0AvRwjXh_dbXbdGtDUDBnd2JFM3VIb0tHSmhlamJPWHc#gid=0",
"NVIDIA","GeForce GTX 670","8054","2:15","15276",,"1084",,,,"https://docs.google.com/spreadsheet/ccc?key=0AvRwjXh_dbXbdGtDUDBnd2JFM3VIb0tHSmhlamJPWHc#gid=0",
"NVIDIA","GeForce GTX 670","8072","2:26","22925",,"1084",,,,"https://docs.google.com/spreadsheet/ccc?key=0AvRwjXh_dbXbdGtDUDBnd2JFM3VIb0tHSmhlamJPWHc#gid=0",
"NVIDIA","GeForce GTX 670","8073","2:24","23244",,"1084",,,,"https://docs.google.com/spreadsheet/ccc?key=0AvRwjXh_dbXbdGtDUDBnd2JFM3VIb0tHSmhlamJPWHc#gid=0",
"NVIDIA","GeForce GTX 670","8074","2:25","23083",,"1084",,,,"https://docs.google.com/spreadsheet/ccc?key=0AvRwjXh_dbXbdGtDUDBnd2JFM3VIb0tHSmhlamJPWHc#gid=0",
"NVIDIA","GeForce GTX 680","7623","4:50","41987",,"1254",,,,"https://docs.google.com/spreadsheet/ccc?key=0AvRwjXh_dbXbdGtDUDBnd2JFM3VIb0tHSmhlamJPWHc#gid=0",
"NVIDIA","GeForce GTX 680","7626","4:34","44439",,"1254",,,,"https://docs.google.com/spreadsheet/ccc?key=0AvRwjXh_dbXbdGtDUDBnd2JFM3VIb0tHSmhlamJPWHc#gid=0",
"NVIDIA","GeForce GTX 680","8054","1:35","21709",,"1254",,,,"https://docs.google.com/spreadsheet/ccc?key=0AvRwjXh_dbXbdGtDUDBnd2JFM3VIb0tHSmhlamJPWHc#gid=0",
"NVIDIA","GeForce GTX 680","8073","1:34","35607",,"1254",,,,"https://docs.google.com/spreadsheet/ccc?key=0AvRwjXh_dbXbdGtDUDBnd2JFM3VIb0tHSmhlamJPWHc#gid=0",
"NVIDIA","GeForce GTX 680","8074","1:34","35607",,"1254",,,,"https://docs.google.com/spreadsheet/ccc?key=0AvRwjXh_dbXbdGtDUDBnd2JFM3VIb0tHSmhlamJPWHc#gid=0",
"NVIDIA","GeForce GTX 680","8072",,"31815","no",,,,,"http://foldingforum.org/viewtopic.php?p=235889#p235889","February 3, 2013"
"NVIDIA","GeForce GTX 680 SC","7623","4:42","43178",,"1188",,,,"https://docs.google.com/spreadsheet/ccc?key=0AvRwjXh_dbXbdGtDUDBnd2JFM3VIb0tHSmhlamJPWHc#gid=0",
"NVIDIA","GeForce GTX 680 SC","7624","4:46","42574",,"1189",,,,"https://docs.google.com/spreadsheet/ccc?key=0AvRwjXh_dbXbdGtDUDBnd2JFM3VIb0tHSmhlamJPWHc#gid=0",
"NVIDIA","GeForce GTX 680 SC","7624","4:44","42874",,"1200",,,,"https://docs.google.com/spreadsheet/ccc?key=0AvRwjXh_dbXbdGtDUDBnd2JFM3VIb0tHSmhlamJPWHc#gid=0",
"NVIDIA","GeForce GTX 680 SC","7626","4:42","43178",,"1200",,,,"https://docs.google.com/spreadsheet/ccc?key=0AvRwjXh_dbXbdGtDUDBnd2JFM3VIb0tHSmhlamJPWHc#gid=0",
"NVIDIA","GeForce GTX 680 SC","8073","1:40","33471",,"1188",,,,"https://docs.google.com/spreadsheet/ccc?key=0AvRwjXh_dbXbdGtDUDBnd2JFM3VIb0tHSmhlamJPWHc#gid=0",
"AMD","Radeon HD 5650","11293","11:00","2402","no","550","12.1","0x16",,"Dragon250",
"AMD","Radeon HD 5870","11929","3:03","10000","no","850","12.8","0x16",,"hootis",
"AMD","Radeon HD 5870","10635","2:03","6300","no","850","12.8","0x16",,"hootis",
"AMD","Radeon HD 5870",,,"8500","no",,,,,"http://www.bjorn3d.com/forum/showthread.php/36657-GPU-PPD-a-reference-list",
"AMD","Radeon HD 6670","11293",,,,,,,,,"February 19, 2013"
"AMD","Radeon HD 6670","11293","6:21","4200","no","650","9.2.0.0","0x16",,,"February 19, 2013"
"AMD","Radeon HD 6950","11293","2:52","9217","yes","950","12.8","0x16","2.11","http://foldingforum.org/viewtopic.php?p=225118#p225118",
"AMD","Radeon HD 6970","11293","3:11","8300",,"880","12.8","0x16",,"[WHGT]Cyberman",
"AMD","Radeon HD 6790","11292","4:38","6875","no","840","9.2.0.0","0x16",,,"February 19, 2013"
"AMD","Radeon HD 7750","11293","6:25","4118","no","800","12.1","0x16",,"Papiluff",
"AMD","Radeon HD 7770","11293","4:57","5338","no","1000","12.8","0x16","2.11","http://foldingforum.org/viewtopic.php?p=222610#p222610",
